{"cameraMode":{"drawMode":0,"name":"Shaded","section":"Shading Mode"},"sceneLighting":false,"audioPlay":false,"sceneViewState":{"showFog":true,"showMaterialUpdate":false,"showSkybox":false,"showFlares":true,"showImageEffects":true,"showParticleSystems":true},"in2DMode":false,"pivot":{"x":145.15011596679688,"y":109.9609375,"z":11.487454414367676},"rotation":{"x":0.047812461853027347,"y":-0.08380506187677384,"z":0.004025696311146021,"w":0.9953280091285706},"size":389.36114501953127,"orthographic":true}