{"cameraMode":{"drawMode":0,"name":"Shaded","section":"Shading Mode"},"sceneLighting":true,"audioPlay":false,"sceneViewState":{"showFog":true,"showMaterialUpdate":false,"showSkybox":true,"showFlares":true,"showImageEffects":true,"showParticleSystems":true},"in2DMode":false,"pivot":{"x":180.15829467773438,"y":108.17264556884766,"z":57.02374267578125},"rotation":{"x":0.04708324000239372,"y":0.010487080551683903,"z":-0.0004906849935650826,"w":0.9988529682159424},"size":244.3708038330078,"orthographic":false}