{"cameraMode":{"drawMode":0,"name":"Shaded","section":"Shading Mode"},"sceneLighting":false,"audioPlay":false,"sceneViewState":{"showFog":true,"showMaterialUpdate":false,"showSkybox":false,"showFlares":true,"showImageEffects":true,"showParticleSystems":true},"in2DMode":false,"pivot":{"x":177.23394775390626,"y":96.25309753417969,"z":-25.904634475708009},"rotation":{"x":0.01139865443110466,"y":-0.7737905383110046,"z":0.013929623179137707,"w":0.6331873536109924},"size":8.06579875946045,"orthographic":true}