{"cameraMode":{"drawMode":0,"name":"Shaded","section":"Shading Mode"},"sceneLighting":false,"audioPlay":false,"sceneViewState":{"showFog":true,"showMaterialUpdate":false,"showSkybox":false,"showFlares":true,"showImageEffects":true,"showParticleSystems":true},"in2DMode":false,"pivot":{"x":-1.8675317764282227,"y":-11.120992660522461,"z":6.537789344787598},"rotation":{"x":0.30968019366264346,"y":-0.2835814654827118,"z":0.09732548147439957,"w":0.9023378491401672},"size":65.99695587158203,"orthographic":false}