{"cameraMode":{"drawMode":0,"name":"Shaded","section":"Shading Mode"},"sceneLighting":false,"audioPlay":false,"sceneViewState":{"showFog":true,"showMaterialUpdate":false,"showSkybox":false,"showFlares":true,"showImageEffects":true,"showParticleSystems":true},"in2DMode":false,"pivot":{"x":261.5708312988281,"y":102.2359390258789,"z":0.0},"rotation":{"x":0.015601595863699913,"y":0.0029989215545356275,"z":-0.00004620266554411501,"w":0.9998764395713806},"size":1.4289418458938599,"orthographic":false}