{"cameraMode":{"drawMode":0,"name":"Shaded","section":"Shading Mode"},"sceneLighting":false,"audioPlay":false,"sceneViewState":{"showFog":true,"showMaterialUpdate":false,"showSkybox":false,"showFlares":true,"showImageEffects":true,"showParticleSystems":true},"in2DMode":false,"pivot":{"x":126.01544189453125,"y":96.932373046875,"z":-25.804899215698243},"rotation":{"x":0.07223056256771088,"y":0.6462444067001343,"z":-0.06164446845650673,"w":0.7572044134140015},"size":15.596256256103516,"orthographic":false}